metrics,matrix,val_acc,cv,param
5,"[[ 246    0    0    0    0    0    0    0   40    0    0]
 [   0  328    0    0    0    0    0    0  120  143    0]
 [   0    0    1    0    0    0    0    3   23    1    0]
 [   0    0    0    0    0    0    0    1    6    3    0]
 [   0    0    0    0    0    0    0    0  509  109    0]
 [   0    0    0    0    0    0    0    0   57  130    0]
 [   0    0    0    0    0    0    0    0  281   25    0]
 [   0    1    0    0    0    0    0  619  258    0    0]
 [   0    0    0    0    0    0    0   47 1676  354    0]
 [   0    0    0    0    0    0    0    0  540 1127    0]
 [ 108    0    0    0    0    0    0    1   40    2   59]]",0.591426072,cv1,max_depth
8,"[[ 275    0    0    0    0    0    0    0   10    0    1]
 [   0  358    0    0    0    0    0    0   50  183    0]
 [   0    0   16    0    0    0    0    1    8    3    0]
 [   1    0    0    0    0    0    0    1    5    3    0]
 [   0    0    0    0    0    0    0    0  451  167    0]
 [   0    0    0    0    0    0    0    0   26  161    0]
 [   0    0    0    0    0    0    0    0  262   44    0]
 [   0    1    0    0    0    0    0  722  155    0    0]
 [   1    1    0    0    0    0    0   92 1466  517    0]
 [   1    0    0    0    0    0    0    0  235 1430    1]
 [ 107    3    0    0    0    0    0    1   17    3   79]]",0.633712453,cv1,max_depth
15,"[[ 282    0    0    0    0    0    0    0    0    0    4]
 [   0  361    0    0    0    0    0    1   22  203    4]
 [   0    0   16    0    0    0    0    1    6    3    2]
 [   1    0    0    0    0    0    0    0    6    2    1]
 [   0    0    0    0   17    0    0    0  379  222    0]
 [   0    0    0    0    1    0    0    0   18  168    0]
 [   0    0    0    0    0    0    0    0  248   58    0]
 [   1    0    0    0    0    0    0  787   90    0    0]
 [   2    1    0    0    0    0    0  115 1361  598    0]
 [   0    0    0    0    1    0    0    0  132 1532    2]
 [ 104    6    0    0    0    0    0    0    1    3   96]]",0.649168854,cv1,max_depth
25,"[[ 284    0    0    0    0    0    0    0    0    0    2]
 [   0  362    0    0    0    0    0    0   25  200    4]
 [   0    1   16    0    0    0    0    1    7    2    1]
 [   1    0    0    0    0    0    0    0    5    3    1]
 [   0    0    0    0   46    0    0    0  356  216    0]
 [   0    0    0    0    1    0    0    0   20  166    0]
 [   0    0    0    0   10    0    0    1  231   64    0]
 [   1    2    0    0    0    0    0  786   89    0    0]
 [   2    1    0    0    1    0    0  131 1368  574    0]
 [   0    0    0    0    1    0    0    0  137 1527    2]
 [  99    3    0    0    0    0    0    0    1    3  104]]",0.655147273,cv1,max_depth
30,"[[ 284    0    0    0    0    0    0    0    0    0    2]
 [   0  362    0    0    0    0    0    0   29  196    4]
 [   0    1   16    0    0    0    0    1    5    3    2]
 [   1    0    0    0    0    0    0    0    5    3    1]
 [   0    0    0    0   66    0    0    0  329  223    0]
 [   0    0    0    0    2    0    0    0   21  164    0]
 [   0    0    0    0   18    0    0    0  234   54    0]
 [   1    0    0    0    0    0    0  785   92    0    0]
 [   2    0    0    0    3    0    0  119 1391  562    0]
 [   0    0    0    0    3    0    0    0  142 1520    2]
 [ 100    4    0    0    0    0    0    0    0    3  103]]",0.660104987,cv1,max_depth
5,"[[ 214    0    0    0    0    0    0    1   71    0    0]
 [   0  334    0    0    0    0    0    0  146  111    0]
 [   0    0    0    0    0    0    0    0   28    0    0]
 [   0    0    0    0    0    0    0    0    9    1    0]
 [   0    0    0    0    0    0    0    0  517  101    0]
 [   0    0    0    0    0    0    0    0   54  133    0]
 [   0    0    0    0    0    0    0    0  279   27    0]
 [   0    0    0    0    0    0    0  632  246    0    0]
 [   0    2    0    0    0    0    0   52 1667  356    0]
 [   0    0    0    0    0    0    0    0  521 1146    0]
 [  88    2    0    0    0    0    0    0   57    4   59]]",0.590842811,cv2,max_depth
8,"[[ 276    0    0    0    0    0    0    0    9    0    1]
 [   0  383    0    0    0    0    0    0   49  159    0]
 [   0    1   14    0    0    0    0    0   13    0    0]
 [   0    1    0    0    0    0    0    0    5    4    0]
 [   0    1    0    0    0    0    0    0  441  176    0]
 [   0    0    0    0    0    0    0    0   22  165    0]
 [   0    0    0    0    0    0    0    0  258   48    0]
 [   0    0    0    0    0    0    0  728  150    0    0]
 [   1    1    0    0    0    0    0   95 1439  541    0]
 [   0    1    0    0    0    0    0    0  229 1437    0]
 [  98    9    0    0    0    0    0    1   15    8   79]]",0.635170604,cv2,max_depth
15,"[[ 277    0    0    0    0    0    0    0    2    1    6]
 [   0  392    0    0    0    0    0    0   23  173    3]
 [   0    3   14    0    0    0    0    0    8    2    1]
 [   0    1    0    0    0    0    0    0    4    4    1]
 [   0    1    0    0    4    0    0    0  393  220    0]
 [   0    0    0    0    0    0    0    0   17  170    0]
 [   0    0    0    0    2    0    0    0  238   66    0]
 [   0    0    0    0    0    0    0  789   89    0    0]
 [   1    2    0    0    0    0    0  132 1370  572    0]
 [   0    1    0    0    0    0    0    0  150 1515    1]
 [  91    2    0    0    0    0    0    0    9    7  101]]",0.650627005,cv2,max_depth
25,"[[ 276    0    0    0    0    0    0    0    2    0    8]
 [   0  392    0    0    1    0    0    0   24  171    3]
 [   0    2   14    0    0    0    0    0    7    4    1]
 [   0    0    0    0    0    0    0    0    6    2    2]
 [   0    1    0    0   48    0    0    0  339  230    0]
 [   0    0    0    0    1    0    0    0   12  174    0]
 [   0    0    0    0    6    0    0    1  238   61    0]
 [   0    0    0    0    0    0    0  775  103    0    0]
 [   1    1    0    0    2    0    0  137 1365  571    0]
 [   0    1    0    0    3    0    0    0  144 1516    3]
 [  95    1    0    0    0    0    0    0    8    7   99]]",0.653980752,cv2,max_depth
30,"[[ 277    0    0    0    0    0    0    0    0    1    8]
 [   0  393    0    0    1    0    0    0   22  172    3]
 [   0    2   14    0    0    0    0    0    8    3    1]
 [   0    1    0    0    1    0    0    0    5    2    1]
 [   0    1    0    0   65    0    0    0  345  207    0]
 [   0    0    0    0    0    0    0    0   22  165    0]
 [   0    0    0    0   11    0    0    0  237   58    0]
 [   0    0    0    0    0    0    0  782   96    0    0]
 [   1    1    0    0    1    0    0  146 1378  550    0]
 [   0    1    0    0    5    0    0    0  139 1519    3]
 [  95    1    0    0    0    0    0    0    7    7  100]]",0.660250802,cv2,max_depth
5,"[[ 231    0    0    0    0    0    0    0   53    1    1]
 [   0  367    0    0    0    0    0    0   85  139    0]
 [   0    0    0    0    0    0    0    0   27    1    0]
 [   0    0    0    0    0    0    0    0    9    1    0]
 [   0    0    0    0    0    0    0    0  504  114    0]
 [   0    0    0    0    0    0    0    0   47  140    0]
 [   0    0    0    0    0    0    0    0  280   26    0]
 [   0    0    0    0    0    0    0  577  301    0    0]
 [   0    0    0    0    0    0    0   50 1671  356    0]
 [   0    0    0    0    0    0    0    0  443 1224    0]
 [  96    1    0    0    0    0    0    0   40    6   67]]",0.603237095,cv3,max_depth
8,"[[ 271    1    0    0    0    0    0    1    8    2    3]
 [   0  394    0    0    0    0    0    0   34  163    0]
 [   0    1   16    0    0    0    0    0    8    3    0]
 [   0    1    0    0    0    0    0    0    7    2    0]
 [   0    1    0    0    0    0    0    0  438  179    0]
 [   0    0    0    0    0    0    0    0   26  161    0]
 [   0    0    0    0    0    0    0    0  262   44    0]
 [   0    1    0    0    0    0    0  716  161    0    0]
 [   0    3    0    0    0    0    0  103 1459  512    0]
 [   0    0    0    0    0    0    0    0  219 1447    1]
 [ 101   10    0    0    0    0    0    2   14    9   74]]",0.638232721,cv3,max_depth
15,"[[ 276    1    0    0    0    0    0    0    1    0    8]
 [   0  400    0    0    0    0    0    0   16  172    3]
 [   1    1   16    0    0    0    0    0    5    4    1]
 [   0    1    0    0    0    0    0    0    5    2    2]
 [   0    1    0    0    6    0    0    1  386  224    0]
 [   0    0    0    0    0    0    0    0   14  173    0]
 [   0    0    0    0    4    0    0    0  251   51    0]
 [   0    1    0    0    0    0    0  776  101    0    0]
 [   0    3    0    0    0    0    0  134 1372  568    0]
 [   0    0    0    0    1    0    0    0  124 1539    3]
 [ 100    2    0    0    0    0    0    1    5   10   92]]",0.652814232,cv3,max_depth
25,"[[ 273    1    0    0    0    0    0    0    1    0   11]
 [   0  401    0    0    2    0    0    0   12  173    3]
 [   1    1   16    0    0    0    0    0    3    6    1]
 [   0    0    0    0    0    0    0    0    5    2    3]
 [   0    1    0    0   46    0    0    0  356  215    0]
 [   0    0    0    0    1    0    0    0   13  173    0]
 [   0    0    0    0   16    0    0    0  242   48    0]
 [   0    0    0    0    0    0    0  772  106    0    0]
 [   0    1    0    0    1    0    0  140 1388  547    0]
 [   0    0    0    0    2    0    0    0  133 1529    3]
 [  98    3    0    0    0    0    0    0    6    9   94]]",0.658938466,cv3,max_depth
30,"[[ 273    1    0    0    0    0    0    0    2    0   10]
 [   0  400    0    0    1    0    0    0   19  168    3]
 [   0    1   16    0    0    0    0    1    6    3    1]
 [   0    0    0    0    0    0    0    0    6    2    2]
 [   0    2    0    0   50    0    0    0  363  203    0]
 [   0    0    0    0    2    0    0    0   15  170    0]
 [   0    0    0    0   14    0    0    0  240   52    0]
 [   0    1    0    0    0    0    0  766  111    0    0]
 [   0    4    0    0    3    0    0  137 1405  528    0]
 [   0    1    0    0    3    0    0    0  133 1528    2]
 [  95    1    0    0    1    0    0    0    4   10   99]]",0.661563138,cv3,max_depth
5,"[[ 240    0    0    0    0    0    0    1   44    1    0]
 [   0  348    0    0    0    0    0    0  122  121    0]
 [   0    1    0    0    0    0    0    2   24    1    0]
 [   0    1    0    0    0    0    0    0    8    1    0]
 [   0    0    0    0    0    0    0    0  506  112    0]
 [   0    0    0    0    0    0    0    0   46  141    0]
 [   0    0    0    0    0    0    0    0  274   32    0]
 [   0    0    0    0    0    0    0  667  211    0    0]
 [   0    0    0    0    0    0    0   46 1679  352    0]
 [   0    0    0    0    0    0    0    0  490 1177    0]
 [  98    4    0    0    0    0    0    0   44    2   62]]",0.608486439,cv4,max_depth
8,"[[ 279    0    0    0    0    0    0    0    4    1    2]
 [   0  376    0    0    0    0    0    0   48  167    0]
 [   0    2   15    0    0    0    0    0   10    1    0]
 [   0    2    0    0    0    0    0    0    7    0    1]
 [   0    0    0    0    0    0    0    0  424  194    0]
 [   0    0    0    0    0    0    0    0   16  171    0]
 [   0    0    0    0    0    0    0    0  252   54    0]
 [   1    0    0    0    0    0    0  766  111    0    0]
 [   2    2    0    0    0    0    0   96 1441  536    0]
 [   0    0    0    0    0    0    0    0  213 1454    0]
 [ 101    7    0    0    0    0    0    0   22    3   77]]",0.642752989,cv4,max_depth
15,"[[ 280    0    0    0    0    0    0    0    1    0    5]
 [   1  386    0    0    0    0    0    0   17  182    5]
 [   0    4   15    0    0    0    0    0    5    3    1]
 [   0    1    0    0    0    0    0    0    4    3    2]
 [   0    1    0    0   16    0    0    0  388  213    0]
 [   0    0    0    0    0    0    0    0   11  176    0]
 [   0    0    0    0    1    0    0    0  240   65    0]
 [   1    0    0    0    0    0    0  794   83    0    0]
 [   2    5    0    0    0    0    0  118 1387  565    0]
 [   1    0    0    0    0    0    0    0  136 1530    0]
 [  93    5    0    0    0    0    0    0    3    5  104]]",0.65791776,cv4,max_depth
25,"[[ 280    0    0    0    0    0    0    0    0    1    5]
 [   1  384    0    0    0    0    0    0   18  183    5]
 [   0    6   15    0    0    0    0    0    5    1    1]
 [   0    1    0    0    0    0    0    0    3    4    2]
 [   0    2    0    0   51    0    0    1  350  214    0]
 [   0    0    0    0    0    0    0    0   12  175    0]
 [   0    0    0    0    8    0    0    0  235   63    0]
 [   1    0    0    0    0    0    0  795   82    0    0]
 [   2    5    0    0    1    0    0  125 1388  556    0]
 [   0    0    0    0    1    0    0    0  140 1525    1]
 [ 100    2    0    0    0    0    0    0    2    4  102]]",0.662000583,cv4,max_depth
30,"[[ 280    0    0    0    0    0    0    0    0    1    5]
 [   0  386    0    0    0    0    0    0   20  180    5]
 [   0    4   15    0    0    0    0    0    3    4    2]
 [   0    1    0    0    0    0    0    0    3    4    2]
 [   0    1    0    0   70    0    0    0  321  226    0]
 [   0    0    0    0    1    0    0    0   10  176    0]
 [   0    0    0    0   15    0    0    0  233   58    0]
 [   1    0    0    0    0    0    0  801   76    0    0]
 [   2    4    0    0    2    0    0  130 1379  560    0]
 [   0    0    0    0    2    0    0    0  143 1521    1]
 [  93    1    0    0    0    0    0    0    3    3  110]]",0.665208516,cv4,max_depth
5,"[[ 218    0    0    0    0    0    0    0   66    0    2]
 [   0  341    0    0    0    0    0    0  126  124    0]
 [   1    0    1    0    0    0    0    1   25    0    0]
 [   0    0    0    0    0    0    0    0   10    0    0]
 [   0    0    0    0    0    0    0    0  537   81    0]
 [   0    0    0    0    0    0    0    0   63  124    0]
 [   0    0    0    0    0    0    0    0  286   20    0]
 [   0    0    0    0    0    0    0  630  248    0    0]
 [   0    0    0    0    0    0    0   49 1698  330    0]
 [   0    0    0    0    0    0    0    0  588 1079    0]
 [  90    2    0    0    0    0    0    1   51    1   65]]",0.587926509,cv5,max_depth
8,"[[ 262    1    0    0    0    0    0    1   16    2    4]
 [   0  369    0    0    0    0    0    0   48  173    1]
 [   1    0   17    0    0    0    0    0    9    1    0]
 [   0    1    0    0    0    0    0    0    7    2    0]
 [   0    0    0    0    0    0    0    0  428  190    0]
 [   0    0    0    0    0    0    0    0   23  164    0]
 [   0    0    0    0    0    0    0    0  248   58    0]
 [   0    0    0    0    0    0    0  718  160    0    0]
 [   0    3    0    0    0    0    0  102 1463  509    0]
 [   0    1    0    0    0    0    0    0  207 1459    0]
 [  95    6    0    0    0    0    0    1   22    3   83]]",0.63735783,cv5,max_depth
15,"[[ 271    1    0    0    0    0    0    0    5    1    8]
 [   0  377    0    0    0    0    0    0   23  187    4]
 [   1    0   17    0    0    0    0    0    6    2    2]
 [   0    0    0    0    0    0    0    1    7    1    1]
 [   0    1    0    0   17    0    0    0  396  204    0]
 [   0    0    0    0    1    0    0    0   19  167    0]
 [   0    0    0    0    2    0    0    0  240   64    0]
 [   0    0    0    0    0    0    0  783   95    0    0]
 [   0    3    0    0    0    0    0  138 1373  563    0]
 [   1    1    0    0    1    0    0    0  138 1525    1]
 [  89    3    0    0    0    0    0    1    4    2  111]]",0.652376786,cv5,max_depth
25,"[[ 269    1    0    0    0    0    0    0    4    2   10]
 [   1  376    0    0    1    0    0    0   23  186    4]
 [   1    2   17    0    0    0    0    0    4    3    1]
 [   0    0    0    0    1    0    0    1    5    1    2]
 [   0    1    0    0   75    0    0    0  346  196    0]
 [   0    0    0    0    1    0    0    0   16  169    1]
 [   0    0    0    0   11    0    0    0  242   53    0]
 [   0    0    0    0    0    0    0  786   92    0    0]
 [   0    4    0    0    3    0    0  131 1412  527    0]
 [   0    1    0    0    3    0    0    0  127 1534    2]
 [  88    1    0    0    0    0    0    1    4    3  113]]",0.668124818,cv5,max_depth
30,"[[ 269    1    0    0    0    0    0    0    4    1   11]
 [   1  375    0    0    0    0    0    0   26  184    5]
 [   2    0   17    0    1    0    0    0    5    1    2]
 [   0    0    0    0    0    0    0    1    6    1    2]
 [   0    1    0    0   72    0    0    2  342  201    0]
 [   0    0    0    0    1    0    0    0   19  167    0]
 [   0    0    0    0   12    0    0    0  228   66    0]
 [   0    0    0    0    0    0    0  777  101    0    0]
 [   0    1    0    0    2    0    0  139 1398  537    0]
 [   0    1    0    0    3    0    0    0  135 1526    2]
 [  85    2    0    0    0    0    0    1    4    2  116]]",0.663458734,cv5,max_depth
1,"[[ 280    0    0    0    0    0    0    0    0    0    6]
 [   0  362    0    0    2    0    0    1   31  191    4]
 [   0    1   16    0    0    0    0    1    8    1    1]
 [   1    0    0    0    0    0    0    0    6    2    1]
 [   0    0    0    0   89    0    0    0  340  189    0]
 [   0    0    0    0    0    0    0    0   28  159    0]
 [   0    0    0    0   26    0    1    1  227   51    0]
 [   1    0    0    0    0    0    0  795   82    0    0]
 [   1    1    0    0    6    0    0  133 1446  490    0]
 [   1    0    0    0    6    0    0    0  185 1474    1]
 [  95    2    0    0    0    0    0    0    1    3  109]]",0.666666667,cv1,min_leaf
2,"[[ 284    0    0    0    0    0    0    0    0    0    2]
 [   0  362    0    0    3    0    0    0   24  198    4]
 [   0    2   16    0    0    0    0    1    4    4    1]
 [   1    0    0    0    0    0    0    0    5    3    1]
 [   0    0    0    0   70    0    0    1  352  195    0]
 [   0    0    0    0    2    0    0    0   25  160    0]
 [   0    0    0    0   21    0    0    0  227   58    0]
 [   1    1    0    0    0    0    0  784   92    0    0]
 [   2    1    0    0    3    0    0  124 1389  558    0]
 [   0    0    0    0    3    0    0    0  172 1490    2]
 [ 104    3    0    0    0    0    0    0    1    3   99]]",0.655293088,cv1,min_leaf
5,"[[ 282    0    0    0    0    0    0    0    0    0    4]
 [   1  361    0    0    2    0    0    0   24  200    3]
 [   0    1   16    0    0    0    0    1    6    2    2]
 [   1    0    0    0    0    0    0    0    6    2    1]
 [   0    0    0    0   65    0    0    0  339  214    0]
 [   0    0    0    0    1    0    0    0   17  169    0]
 [   0    0    0    0   18    0    0    0  237   51    0]
 [   1    0    0    0    0    0    0  787   90    0    0]
 [   2    0    0    0    1    0    0  123 1389  562    0]
 [   1    0    0    0    5    0    0    0  140 1520    1]
 [ 102    5    0    0    0    0    0    0    1    3   99]]",0.658938466,cv1,min_leaf
10,"[[ 280    0    0    0    0    0    0    0    0    0    6]
 [   0  364    0    0    1    0    0    1   22  200    3]
 [   0    1   16    0    0    0    0    1    5    3    2]
 [   1    0    0    0    0    0    0    0    5    3    1]
 [   0    0    0    0   46    0    0    0  370  202    0]
 [   0    0    0    0    1    0    0    0   23  163    0]
 [   0    0    0    0    8    0    0    0  248   50    0]
 [   1    2    0    0    0    0    0  784   91    0    0]
 [   2    1    0    0    0    0    0  119 1377  578    0]
 [   0    0    0    0    1    0    0    0  143 1521    2]
 [ 102    4    0    0    0    0    0    0    1    3  100]]",0.654418198,cv1,min_leaf
1,"[[ 281    0    0    0    0    0    0    0    1    0    4]
 [   0  392    0    0    0    0    0    0   31  165    3]
 [   0    4   14    0    0    0    0    0    6    3    1]
 [   0    1    0    0    0    0    0    0    5    3    1]
 [   0    1    0    0   84    0    0    0  355  178    0]
 [   0    0    0    0    3    0    0    0   28  156    0]
 [   0    0    0    0   21    0    0    0  238   47    0]
 [   0    0    0    0    0    0    0  788   90    0    0]
 [   1    2    0    0    8    0    0  137 1449  480    0]
 [   0    1    0    0    9    0    0    0  193 1461    3]
 [  94    1    0    0    0    0    0    1    5    8  101]]",0.666375036,cv2,min_leaf
2,"[[ 276    0    0    0    0    0    0    0    2    0    8]
 [   0  394    0    0    3    0    0    0   22  171    1]
 [   0    2   14    0    0    0    0    0   11    0    1]
 [   0    1    0    0    0    0    0    0    4    4    1]
 [   0    1    0    0   69    0    0    0  348  200    0]
 [   0    0    0    0    1    0    0    0   23  163    0]
 [   0    0    0    0   13    0    0    0  241   52    0]
 [   0    0    0    0    0    0    0  789   89    0    0]
 [   1    2    0    0    6    0    0  142 1399  527    0]
 [   1    1    0    0    5    0    0    0  170 1488    2]
 [  91    3    0    0    0    0    0    0    7    8  101]]",0.660542432,cv2,min_leaf
5,"[[ 276    0    0    0    0    0    0    0    2    0    8]
 [   0  394    0    0    0    0    0    0   25  170    2]
 [   0    4   14    0    0    0    0    0    6    3    1]
 [   0    1    0    0    0    0    0    0    4    4    1]
 [   0    1    0    0   49    0    0    0  379  189    0]
 [   0    0    0    0    2    0    0    0   21  164    0]
 [   0    0    0    0    7    0    0    0  248   51    0]
 [   0    0    0    0    0    0    0  775  103    0    0]
 [   1    2    0    0    3    0    0  140 1404  527    0]
 [   0    2    0    0    2    0    0    0  166 1496    1]
 [ 102    3    0    0    0    0    0    0    8    8   89]]",0.655730534,cv2,min_leaf
10,"[[ 278    0    0    0    0    0    0    0    2    0    6]
 [   1  393    0    0    0    0    0    0   22  174    1]
 [   0    2   14    0    0    0    0    0   10    1    1]
 [   0    1    0    0    0    0    0    0    6    2    1]
 [   0    1    0    0   38    0    0    0  374  205    0]
 [   0    0    0    0    0    0    0    0   25  162    0]
 [   0    0    0    0    9    0    0    1  244   52    0]
 [   0    0    0    0    0    0    0  780   98    0    0]
 [   1    3    0    0    1    0    0  133 1401  538    0]
 [   0    1    0    0    1    0    0    0  148 1516    1]
 [ 100    3    0    0    0    0    0    1    7    7   92]]",0.65791776,cv2,min_leaf
1,"[[ 276    1    0    0    0    0    0    0    1    0    8]
 [   0  399    0    0    1    0    0    0   22  166    3]
 [   0    1   16    0    0    0    0    0    8    2    1]
 [   0    1    0    0    0    0    0    0    5    2    2]
 [   0    1    0    0   92    0    0    0  320  205    0]
 [   0    0    0    0    2    0    0    0   24  161    0]
 [   0    0    0    0   22    0    0    0  241   43    0]
 [   0    0    0    0    0    0    0  774  104    0    0]
 [   0    2    0    0    4    0    0  143 1462  466    0]
 [   0    0    0    0    8    0    0    0  176 1480    3]
 [  96    2    0    0    0    0    0    0    4   10   98]]",0.670312044,cv3,min_leaf
2,"[[ 277    1    0    0    0    0    0    1    1    0    6]
 [   0  401    0    0    2    0    0    0   19  166    3]
 [   0    1   16    0    0    0    0    0    7    3    1]
 [   0    0    0    0    0    0    0    0    6    2    2]
 [   0    1    0    0   74    0    0    0  336  207    0]
 [   0    0    0    0    1    0    0    0   25  161    0]
 [   0    0    0    0   22    0    0    0  241   43    0]
 [   0    1    0    0    0    0    0  771  106    0    0]
 [   0    2    0    0    3    0    0  144 1423  505    0]
 [   0    0    0    0    6    0    0    0  159 1499    3]
 [  98    0    0    0    1    0    0    1    6    9   95]]",0.664333625,cv3,min_leaf
5,"[[ 276    1    0    0    0    0    0    0    1    0    8]
 [   0  400    0    0    0    0    0    0   22  166    3]
 [   1    1   16    0    0    0    0    0    6    3    1]
 [   0    1    0    0    0    0    0    0    7    1    1]
 [   0    2    0    0   51    0    0    2  360  203    0]
 [   0    0    0    0    1    0    0    0   17  169    0]
 [   0    0    0    0   19    0    0    0  254   33    0]
 [   0    1    0    0    0    0    0  775  102    0    0]
 [   0    4    0    0    2    0    0  141 1399  531    0]
 [   0    0    0    0    5    0    0    0  133 1527    2]
 [ 101    3    0    0    0    0    0    0    4    9   93]]",0.661563138,cv3,min_leaf
10,"[[ 277    1    0    0    0    0    0    0    1    0    7]
 [   0  400    0    0    0    0    0    0   18  170    3]
 [   1    1   16    0    0    0    0    0    4    5    1]
 [   0    1    0    0    0    0    0    0    7    1    1]
 [   0    1    0    0   30    0    0    1  390  196    0]
 [   0    0    0    0    1    0    0    0   14  172    0]
 [   0    0    0    0    9    0    0    1  258   38    0]
 [   0    1    0    0    0    0    0  769  108    0    0]
 [   0    3    0    0    1    0    0  143 1400  530    0]
 [   0    1    0    0    3    0    0    0  146 1515    2]
 [ 100    4    0    0    0    0    0    1    6    8   91]]",0.655876349,cv3,min_leaf
1,"[[ 280    0    0    0    0    0    0    0    1    0    5]
 [   1  388    0    0    1    0    0    0   25  172    4]
 [   0    4   16    0    0    0    0    0    4    2    2]
 [   0    2    0    0    1    0    0    0    5    1    1]
 [   0    1    0    0   81    0    0    0  347  189    0]
 [   0    0    0    0    0    0    0    0   16  171    0]
 [   0    0    0    0   21    0    0    0  233   52    0]
 [   1    0    0    0    0    0    0  810   67    0    0]
 [   2    4    0    0    4    0    0  130 1453  484    0]
 [   0    1    0    0    3    0    0    0  187 1476    0]
 [  95    2    0    0    0    0    0    0    3    3  107]]",0.672353456,cv4,min_leaf
2,"[[ 278    0    0    0    0    0    0    0    0    1    7]
 [   0  385    0    0    2    0    0    0   22  177    5]
 [   0    7   15    0    0    0    0    0    3    3    0]
 [   0    1    0    0    2    0    0    0    4    1    2]
 [   0    1    0    0   72    0    0    0  355  190    0]
 [   0    0    0    0    2    0    0    0   12  173    0]
 [   0    0    0    0   17    0    0    0  226   63    0]
 [   1    0    0    0    0    0    0  795   82    0    0]
 [   2    4    0    0    1    0    0  127 1436  507    0]
 [   1    0    0    0    4    0    0    0  157 1505    0]
 [  98    2    0    0    1    0    0    0    2    3  104]]",0.669291339,cv4,min_leaf
5,"[[ 282    0    0    0    0    0    0    0    0    1    3]
 [   2  388    0    0    1    0    0    0   22  175    3]
 [   0    5   15    0    0    0    0    0    4    3    1]
 [   0    1    0    0    0    0    0    0    4    3    2]
 [   0    2    0    0   48    0    0    0  361  207    0]
 [   0    0    0    0    0    0    0    0   14  173    0]
 [   0    0    0    0    9    0    0    0  239   58    0]
 [   1    0    0    0    0    0    0  793   84    0    0]
 [   2    3    0    0    2    0    0  128 1414  528    0]
 [   0    1    0    0    2    0    0    0  150 1514    0]
 [  94    3    0    0    0    0    0    0    5    3  105]]",0.66477107,cv4,min_leaf
10,"[[ 281    0    0    0    0    0    0    0    1    0    4]
 [   1  388    0    0    0    0    0    1   19  180    2]
 [   0    6   15    0    0    0    0    0    5    2    0]
 [   0    2    0    0    0    0    0    0    4    3    1]
 [   0    2    0    0   37    0    0    0  370  209    0]
 [   0    0    0    0    0    0    0    0   12  175    0]
 [   0    0    0    0    8    0    0    0  244   54    0]
 [   1    0    0    0    0    0    0  787   90    0    0]
 [   2    4    0    0    2    0    0  116 1406  547    0]
 [   0    1    0    0    2    0    0    0  140 1524    0]
 [  99    9    0    0    0    0    0    0    4    3   95]]",0.660979878,cv4,min_leaf
1,"[[ 271    1    0    0    0    0    0    0    3    0   11]
 [   0  375    0    0    3    0    0    1   34  173    5]
 [   2    1   17    0    0    0    0    0    4    2    2]
 [   0    1    0    0    0    0    0    0    6    2    1]
 [   0    2    0    0  104    0    0    0  323  189    0]
 [   0    0    0    0    1    0    0    0   30  155    1]
 [   0    0    0    0   23    0    0    0  233   50    0]
 [   0    0    0    0    0    0    0  781   97    0    0]
 [   0    3    0    0    4    0    0  140 1465  465    0]
 [   0    1    0    0    6    0    0    0  198 1461    1]
 [  84    1    0    0    0    0    0    1    4    2  118]]",0.669582969,cv5,min_leaf
2,"[[ 275    1    0    0    0    0    0    0    3    0    7]
 [   1  377    0    0    1    0    0    0   32  176    4]
 [   2    2   17    0    0    0    0    0    5    1    1]
 [   0    0    0    0    1    0    0    0    6    1    2]
 [   0    0    0    0   83    0    0    0  340  195    0]
 [   0    0    0    0    1    0    0    0   25  160    1]
 [   0    0    0    0   13    0    0    0  238   55    0]
 [   0    0    0    0    0    0    0  783   95    0    0]
 [   0    2    0    0    4    0    0  137 1465  469    0]
 [   0    1    0    0    4    0    0    0  161 1499    2]
 [  95    0    0    0    0    0    0    1    3    3  108]]",0.671770195,cv5,min_leaf
5,"[[ 273    1    0    0    0    0    0    0    3    0    9]
 [   1  378    0    0    2    0    0    0   22  183    5]
 [   2    2   17    0    0    0    0    0    6    0    1]
 [   0    0    0    0    0    0    0    1    7    1    1]
 [   0    1    0    0   63    0    0    0  358  196    0]
 [   0    0    0    0    1    0    0    0   21  165    0]
 [   0    0    0    0   16    0    0    0  246   44    0]
 [   0    0    0    0    0    0    0  777  101    0    0]
 [   0    3    0    0    2    0    0  144 1418  510    0]
 [   1    1    0    0    5    0    0    0  138 1521    1]
 [  95    0    0    0    0    0    0    1    4    2  108]]",0.66418781,cv5,min_leaf
10,"[[ 271    1    0    0    0    0    0    0    4    0   10]
 [   0  379    0    0    0    0    0    0   26  183    3]
 [   1    2   17    0    0    0    0    0    6    1    1]
 [   0    1    0    0    1    0    0    1    6    1    0]
 [   0    0    0    0   56    0    0    0  379  183    0]
 [   0    0    0    0    1    0    0    0   18  168    0]
 [   0    0    0    0   10    0    0    0  242   54    0]
 [   0    0    0    0    0    0    0  776  102    0    0]
 [   0    4    0    0    1    0    0  140 1411  521    0]
 [   0    1    0    0    1    0    0    0  137 1526    2]
 [  87    2    0    0    0    0    0    2    5    3  111]]",0.663021289,cv5,min_leaf
2,"[[ 280    0    0    0    0    0    0    0    0    0    6]
 [   0  362    0    0    2    0    0    1   31  191    4]
 [   0    1   16    0    0    0    0    1    8    1    1]
 [   1    0    0    0    0    0    0    0    6    2    1]
 [   0    0    0    0   89    0    0    0  340  189    0]
 [   0    0    0    0    0    0    0    0   28  159    0]
 [   0    0    0    0   26    0    1    1  227   51    0]
 [   1    0    0    0    0    0    0  795   82    0    0]
 [   1    1    0    0    6    0    0  133 1446  490    0]
 [   1    0    0    0    6    0    0    0  185 1474    1]
 [  95    2    0    0    0    0    0    0    1    3  109]]",0.666666667,cv1,min_split
5,"[[ 280    0    0    0    0    0    0    0    0    0    6]
 [   0  362    0    0    1    0    0    0   34  190    4]
 [   0    3   16    0    1    0    0    1    6    0    1]
 [   1    0    0    0    0    0    0    0    6    2    1]
 [   0    0    0    0   79    0    0    0  333  206    0]
 [   0    0    0    0    1    0    0    0   28  158    0]
 [   0    0    0    0   21    0    0    0  238   47    0]
 [   1    0    0    0    0    0    0  795   82    0    0]
 [   2    1    0    0    6    0    0  123 1419  526    0]
 [   0    0    0    0    4    0    0    0  176 1485    2]
 [  98    4    0    0    0    0    0    0    1    3  104]]",0.662000583,cv1,min_split
10,"[[ 281    0    0    0    0    0    0    0    0    0    5]
 [   0  363    0    0    0    0    0    0   29  195    4]
 [   0    2   16    0    0    0    0    1    6    2    1]
 [   1    0    0    0    0    0    0    0    5    3    1]
 [   0    0    0    0   89    0    0    1  329  199    0]
 [   0    0    0    0    2    0    0    0   23  162    0]
 [   0    0    0    0   20    0    0    1  232   53    0]
 [   1    0    0    0    0    0    0  794   83    0    0]
 [   2    0    0    0    0    0    0  118 1429  528    0]
 [   0    0    0    0    3    0    0    0  175 1487    2]
 [  99    2    0    0    0    0    0    0    1    3  105]]",0.665500146,cv1,min_split
15,"[[ 281    0    0    0    0    0    0    0    0    0    5]
 [   0  363    0    0    1    0    0    1   29  194    3]
 [   0    2   16    0    0    0    0    1    6    2    1]
 [   1    0    0    0    0    0    0    0    5    3    1]
 [   0    0    0    0   75    0    0    0  356  187    0]
 [   0    0    0    0    1    0    0    0   27  159    0]
 [   0    0    0    0   17    0    0    0  240   49    0]
 [   1    0    0    0    0    0    0  784   93    0    0]
 [   2    1    0    0    3    0    0  117 1420  534    0]
 [   0    0    0    0    2    0    0    0  177 1486    2]
 [  98    2    0    0    0    0    0    0    1    3  106]]",0.660688247,cv1,min_split
100,"[[ 283    0    0    0    0    0    0    0    1    0    2]
 [   0  362    0    0    0    0    0    0   32  193    4]
 [   0    1   16    0    0    0    0    1    7    2    1]
 [   1    0    0    0    0    0    0    0    5    3    1]
 [   0    0    0    0   36    0    0    0  394  188    0]
 [   0    0    0    0    1    0    0    0   25  161    0]
 [   0    0    0    0    6    0    0    0  254   46    0]
 [   1    2    0    0    0    0    0  782   93    0    0]
 [   2    1    0    0    0    0    0  124 1412  538    0]
 [   0    0    0    0    1    0    0    0  151 1513    2]
 [ 106    4    0    0    0    0    0    0    1    3   96]]",0.656167979,cv1,min_split
2,"[[ 281    0    0    0    0    0    0    0    1    0    4]
 [   0  392    0    0    0    0    0    0   31  165    3]
 [   0    4   14    0    0    0    0    0    6    3    1]
 [   0    1    0    0    0    0    0    0    5    3    1]
 [   0    1    0    0   84    0    0    0  355  178    0]
 [   0    0    0    0    3    0    0    0   28  156    0]
 [   0    0    0    0   21    0    0    0  238   47    0]
 [   0    0    0    0    0    0    0  788   90    0    0]
 [   1    2    0    0    8    0    0  137 1449  480    0]
 [   0    1    0    0    9    0    0    0  193 1461    3]
 [  94    1    0    0    0    0    0    1    5    8  101]]",0.666375036,cv2,min_split
5,"[[ 275    0    0    0    0    0    0    0    2    0    9]
 [   0  391    0    0    2    0    0    0   30  165    3]
 [   0    3   14    0    0    0    0    0    8    2    1]
 [   0    1    0    0    0    0    0    0    4    4    1]
 [   0    1    0    0   76    0    0    0  347  194    0]
 [   0    0    0    0    2    0    0    0   23  162    0]
 [   0    0    0    0   12    0    0    0  236   58    0]
 [   0    0    0    0    0    0    0  790   88    0    0]
 [   1    2    0    0    2    0    0  144 1440  488    0]
 [   0    1    0    0    7    0    0    0  164 1493    2]
 [  91    3    0    0    0    0    0    0    6    8  102]]",0.667979003,cv2,min_split
10,"[[ 278    0    0    0    0    0    0    0    2    0    6]
 [   0  391    0    0    2    0    0    0   26  169    3]
 [   0    3   14    0    0    0    0    0    8    2    1]
 [   0    0    0    0    0    0    0    0    6    2    2]
 [   0    1    0    0   68    0    0    0  344  205    0]
 [   0    0    0    0    1    0    0    0   20  166    0]
 [   0    0    0    0   10    0    0    1  243   52    0]
 [   0    0    0    0    0    0    0  788   90    0    0]
 [   1    2    0    0    2    0    0  145 1442  485    0]
 [   0    1    0    0    1    0    0    0  169 1493    3]
 [  93    2    0    0    0    0    0    0    7    7  101]]",0.667104112,cv2,min_split
15,"[[ 276    0    0    0    0    0    0    0    2    0    8]
 [   0  392    0    0    3    0    0    0   31  162    3]
 [   0    3   14    0    0    0    0    0   10    1    0]
 [   0    1    0    0    0    0    0    0    6    2    1]
 [   0    1    0    0   68    0    0    0  349  200    0]
 [   0    0    0    0    2    0    0    0   23  162    0]
 [   0    0    0    0   13    0    0    0  235   58    0]
 [   0    0    0    0    0    0    0  787   91    0    0]
 [   1    2    0    0    1    0    0  133 1468  472    0]
 [   0    1    0    0    3    0    0    0  158 1502    3]
 [  96    1    0    0    0    0    0    0    6    8   99]]",0.67162438,cv2,min_split
100,"[[ 280    0    0    0    0    0    0    0    2    0    4]
 [   0  393    0    0    1    0    0    0   26  169    2]
 [   0    3   14    0    0    0    0    0   10    0    1]
 [   0    1    0    0    0    0    0    0    6    2    1]
 [   0    1    0    0   30    0    0    0  398  189    0]
 [   0    0    0    0    1    0    0    0   19  167    0]
 [   0    0    0    0    4    0    0    0  249   53    0]
 [   0    0    0    0    0    0    0  779   99    0    0]
 [   1    3    0    0    0    0    0  134 1442  497    0]
 [   0    2    0    0    1    0    0    0  160 1503    1]
 [ 100    2    0    0    0    0    0    0    7    7   94]]",0.661271508,cv2,min_split
2,"[[ 276    1    0    0    0    0    0    0    1    0    8]
 [   0  399    0    0    1    0    0    0   22  166    3]
 [   0    1   16    0    0    0    0    0    8    2    1]
 [   0    1    0    0    0    0    0    0    5    2    2]
 [   0    1    0    0   92    0    0    0  320  205    0]
 [   0    0    0    0    2    0    0    0   24  161    0]
 [   0    0    0    0   22    0    0    0  241   43    0]
 [   0    0    0    0    0    0    0  774  104    0    0]
 [   0    2    0    0    4    0    0  143 1462  466    0]
 [   0    0    0    0    8    0    0    0  176 1480    3]
 [  96    2    0    0    0    0    0    0    4   10   98]]",0.670312044,cv3,min_split
5,"[[ 279    1    0    0    0    0    0    0    1    0    5]
 [   0  400    0    0    2    0    0    0   17  169    3]
 [   0    1   16    0    0    0    0    0    7    3    1]
 [   0    0    0    0    0    0    0    0    6    1    3]
 [   0    2    0    0   82    0    0    1  336  197    0]
 [   0    0    0    0    2    0    0    0   26  159    0]
 [   0    0    0    0   22    0    0    1  233   50    0]
 [   0    0    0    0    0    0    0  781   97    0    0]
 [   0    2    0    0    2    0    0  140 1434  499    0]
 [   0    0    0    0    5    0    0    0  163 1497    2]
 [  98    2    0    0    1    0    0    0    5    9   95]]",0.668416448,cv3,min_split
10,"[[ 275    1    0    0    0    0    0    0    1    0    9]
 [   0  401    0    0    1    0    0    0   23  163    3]
 [   1    1   16    0    0    0    0    0    7    2    1]
 [   0    1    0    0    1    0    0    0    5    1    2]
 [   0    2    0    0   68    0    0    0  348  200    0]
 [   0    0    0    0    1    0    0    0   19  167    0]
 [   0    0    0    0   15    0    0    0  249   42    0]
 [   0    1    0    0    0    0    0  772  105    0    0]
 [   0    4    0    0    3    0    0  140 1434  496    0]
 [   0    0    0    0    5    0    0    0  168 1491    3]
 [  94    1    0    0    0    0    0    0    6    8  101]]",0.664625255,cv3,min_split
15,"[[ 273    1    0    0    0    0    0    0    1    0   11]
 [   0  400    0    0    3    0    0    0   16  169    3]
 [   1    1   16    0    1    0    0    0    6    2    1]
 [   0    1    0    0    0    0    0    0    5    2    2]
 [   0    2    0    0   80    0    0    0  339  197    0]
 [   0    0    0    0    2    0    0    0   18  167    0]
 [   0    0    0    0   16    0    0    0  248   42    0]
 [   0    1    0    0    0    0    0  780   97    0    0]
 [   0    2    0    0    3    0    0  141 1438  493    0]
 [   0    0    0    0    6    0    0    0  148 1510    3]
 [  99    1    0    0    1    0    0    0    5    8   96]]",0.669728784,cv3,min_split
100,"[[ 281    1    0    0    0    0    0    0    1    0    3]
 [   0  400    0    0    0    0    0    0   19  169    3]
 [   1    2   16    0    0    0    0    0    6    3    0]
 [   0    1    0    0    0    0    0    0    7    0    2]
 [   0    2    0    0   25    0    0    0  404  187    0]
 [   0    0    0    0    1    0    0    0   22  164    0]
 [   0    0    0    0   12    0    0    1  260   33    0]
 [   0    1    0    0    0    0    0  779   98    0    0]
 [   0    3    0    0    1    0    0  144 1417  512    0]
 [   0    0    0    0    1    0    0    0  152 1511    3]
 [ 100    1    0    0    0    0    0    1    4    9   95]]",0.659667542,cv3,min_split
2,"[[ 280    0    0    0    0    0    0    0    1    0    5]
 [   1  388    0    0    1    0    0    0   25  172    4]
 [   0    4   16    0    0    0    0    0    4    2    2]
 [   0    2    0    0    1    0    0    0    5    1    1]
 [   0    1    0    0   81    0    0    0  347  189    0]
 [   0    0    0    0    0    0    0    0   16  171    0]
 [   0    0    0    0   21    0    0    0  233   52    0]
 [   1    0    0    0    0    0    0  810   67    0    0]
 [   2    4    0    0    4    0    0  130 1453  484    0]
 [   0    1    0    0    3    0    0    0  187 1476    0]
 [  95    2    0    0    0    0    0    0    3    3  107]]",0.672353456,cv4,min_split
5,"[[ 280    0    0    0    0    0    0    0    1    0    5]
 [   1  386    0    0    1    0    0    0   28  170    5]
 [   0    5   15    0    0    0    0    0    5    1    2]
 [   0    1    0    0    1    0    0    0    4    2    2]
 [   0    1    0    0   81    0    0    0  331  204    1]
 [   0    0    0    0    0    0    0    0   19  168    0]
 [   0    0    0    0   16    0    0    0  238   52    0]
 [   1    0    0    0    0    0    0  803   74    0    0]
 [   2    4    0    0    4    0    0  124 1456  487    0]
 [   0    0    0    0    6    0    0    0  177 1483    1]
 [  92    4    0    0    1    0    0    0    3    2  108]]",0.672499271,cv4,min_split
10,"[[ 279    0    0    0    0    0    0    0    0    1    6]
 [   1  387    0    0    1    0    0    0   21  177    4]
 [   0    5   15    0    0    0    0    0    6    1    1]
 [   0    1    0    0    0    0    0    0    6    1    2]
 [   0    1    0    0   74    0    0    1  341  200    1]
 [   0    0    0    0    2    0    0    0   16  169    0]
 [   0    0    0    0   11    0    1    0  239   55    0]
 [   1    0    0    0    0    0    0  802   75    0    0]
 [   2    5    0    0    2    0    0  133 1439  496    0]
 [   0    0    0    0    2    0    0    0  171 1493    1]
 [  97    2    0    0    0    0    0    0    3    3  105]]",0.670020414,cv4,min_split
15,"[[ 278    0    0    0    0    0    0    0    1    0    7]
 [   1  387    0    0    0    0    0    0   27  172    4]
 [   0    4   15    0    0    0    0    0    6    1    2]
 [   0    1    0    0    0    0    0    0    5    2    2]
 [   0    1    0    0   64    0    0    0  346  207    0]
 [   0    0    0    0    1    0    0    0   21  165    0]
 [   0    0    0    0   10    0    0    0  245   51    0]
 [   1    0    0    0    0    0    0  793   84    0    0]
 [   1    3    0    0    2    0    0  136 1433  502    0]
 [   0    0    0    0    1    0    0    0  161 1504    1]
 [  97    2    0    0    0    0    0    0    2    4  105]]",0.667687372,cv4,min_split
100,"[[ 283    0    0    0    0    0    0    0    0    1    2]
 [   0  386    0    0    0    0    0    0   22  178    5]
 [   0    6   15    0    0    0    0    0    6    1    0]
 [   0    2    0    0    0    0    0    0    6    1    1]
 [   0    0    0    0   30    0    0    1  393  194    0]
 [   0    0    0    0    0    0    0    0   18  169    0]
 [   0    0    0    0    6    0    0    0  252   48    0]
 [   1    0    0    0    0    0    0  803   74    0    0]
 [   1    3    0    0    0    0    0  134 1443  496    0]
 [   0    1    0    0    1    0    0    0  143 1522    0]
 [ 104    7    0    0    0    0    0    0    4    3   92]]",0.666958297,cv4,min_split
2,"[[ 271    1    0    0    0    0    0    0    3    0   11]
 [   0  375    0    0    3    0    0    1   34  173    5]
 [   2    1   17    0    0    0    0    0    4    2    2]
 [   0    1    0    0    0    0    0    0    6    2    1]
 [   0    2    0    0  104    0    0    0  323  189    0]
 [   0    0    0    0    1    0    0    0   30  155    1]
 [   0    0    0    0   23    0    0    0  233   50    0]
 [   0    0    0    0    0    0    0  781   97    0    0]
 [   0    3    0    0    4    0    0  140 1465  465    0]
 [   0    1    0    0    6    0    0    0  198 1461    1]
 [  84    1    0    0    0    0    0    1    4    2  118]]",0.669582969,cv5,min_split
5,"[[ 273    1    0    0    0    0    0    0    2    1    9]
 [   0  377    0    0    0    0    0    0   35  174    5]
 [   2    1   17    0    0    0    0    0    3    3    2]
 [   0    0    0    0    0    0    0    0    7    1    2]
 [   0    0    0    0   74    0    0    0  360  183    1]
 [   0    0    0    0    2    0    0    0   30  154    1]
 [   0    0    0    0   22    0    0    0  227   57    0]
 [   0    0    0    0    0    0    0  781   97    0    0]
 [   0    4    0    0    2    0    0  143 1461  467    0]
 [   0    1    0    0    6    0    0    0  176 1482    2]
 [  84    1    0    0    0    0    0    1    5    1  118]]",0.668270633,cv5,min_split
10,"[[ 269    1    0    0    0    0    0    0    1    2   13]
 [   0  375    0    0    0    0    0    0   28  183    5]
 [   2    2   17    0    0    0    0    0    4    2    1]
 [   0    0    0    0    1    0    0    0    5    1    3]
 [   0    0    0    0   85    0    0    1  355  177    0]
 [   0    0    0    0    1    0    0    0   23  162    1]
 [   0    0    0    0   14    0    0    0  243   49    0]
 [   0    0    0    0    0    0    0  790   88    0    0]
 [   0    3    0    0    0    0    0  149 1437  488    0]
 [   0    1    0    0    6    0    0    0  160 1498    2]
 [  93    1    0    0    0    0    0    1    3    3  109]]",0.667833188,cv5,min_split
15,"[[ 271    1    0    0    0    0    0    0    1    2   11]
 [   0  380    0    0    1    0    0    0   29  178    3]
 [   1    0   17    0    0    0    0    0    7    1    2]
 [   0    1    0    0    0    0    0    1    7    0    1]
 [   0    1    0    0   84    0    0    0  357  176    0]
 [   0    0    0    0    1    0    0    0   23  162    1]
 [   0    0    0    0   16    0    0    0  239   51    0]
 [   0    0    0    0    0    0    0  783   95    0    0]
 [   0    1    0    0    4    0    0  146 1451  475    0]
 [   0    1    0    0    4    0    0    0  156 1504    2]
 [  90    3    0    0    0    0    0    1    5    1  110]]",0.67074949,cv5,min_split
100,"[[ 276    1    0    0    0    0    0    0    4    0    5]
 [   0  378    0    0    0    0    0    0   27  183    3]
 [   2    1   17    0    0    0    0    0    5    2    1]
 [   0    1    0    0    0    0    0    0    7    1    1]
 [   0    0    0    0   40    0    0    1  410  167    0]
 [   0    0    0    0    1    0    0    0   19  166    1]
 [   0    0    0    0   10    0    0    0  242   54    0]
 [   0    0    0    0    0    0    0  782   96    0    0]
 [   0    3    0    0    0    0    0  143 1435  496    0]
 [   0    1    0    0    2    0    0    0  162 1500    2]
 [  95    2    0    0    0    0    0    1    5    2  105]]",0.660979878,cv5,min_split
100,"[[ 280    0    0    0    0    0    0    0    0    0    6]
 [   0  362    0    0    2    0    0    1   31  191    4]
 [   0    1   16    0    0    0    0    1    8    1    1]
 [   1    0    0    0    0    0    0    0    6    2    1]
 [   0    0    0    0   89    0    0    0  340  189    0]
 [   0    0    0    0    0    0    0    0   28  159    0]
 [   0    0    0    0   26    0    1    1  227   51    0]
 [   1    0    0    0    0    0    0  795   82    0    0]
 [   1    1    0    0    6    0    0  133 1446  490    0]
 [   1    0    0    0    6    0    0    0  185 1474    1]
 [  95    2    0    0    0    0    0    0    1    3  109]]",0.666666667,cv1,n_est
300,"[[ 284    0    0    0    0    0    0    0    0    0    2]
 [   0  362    0    0    2    0    0    1   25  197    4]
 [   0    2   16    0    0    0    0    1    6    2    1]
 [   1    0    0    0    0    0    0    0    6    2    1]
 [   0    0    0    0   84    0    0    0  333  201    0]
 [   0    0    0    0    1    0    0    0   17  169    0]
 [   0    0    0    0   20    0    0    0  242   44    0]
 [   1    1    0    0    0    0    0  798   78    0    0]
 [   2    1    0    0    2    0    0  130 1431  511    0]
 [   0    0    0    0    4    0    0    0  145 1516    2]
 [  96    2    0    0    0    0    0    0    1    3  108]]",0.670603675,cv1,n_est
500,"[[ 284    0    0    0    0    0    0    0    0    0    2]
 [   0  362    0    0    2    0    0    1   22  200    4]
 [   0    2   16    0    0    0    0    1    7    0    2]
 [   1    0    0    0    0    0    0    0    5    3    1]
 [   0    0    0    0   80    0    0    0  339  199    0]
 [   0    0    0    0    1    0    0    0   19  167    0]
 [   0    0    0    0   18    0    0    0  240   48    0]
 [   1    1    0    0    0    0    0  798   78    0    0]
 [   2    1    0    0    2    0    0  127 1416  529    0]
 [   0    0    0    0    3    0    0    0  135 1527    2]
 [ 102    2    0    0    0    0    0    0    1    3  102]]",0.668562263,cv1,n_est
800,"[[ 284    0    0    0    0    0    0    0    0    0    2]
 [   0  362    0    0    2    0    0    1   21  201    4]
 [   0    3   16    0    0    0    0    1    6    1    1]
 [   1    0    0    0    0    0    0    0    5    3    1]
 [   0    0    0    0   80    0    0    0  341  197    0]
 [   0    0    0    0    1    0    0    0   21  165    0]
 [   0    0    0    0   18    0    0    0  241   47    0]
 [   1    1    0    0    0    0    0  798   78    0    0]
 [   2    1    0    0    2    0    0  130 1417  525    0]
 [   0    0    0    0    3    0    0    0  144 1518    2]
 [ 102    2    0    0    0    0    0    0    1    3  102]]",0.667395742,cv1,n_est
100,"[[ 281    0    0    0    0    0    0    0    1    0    4]
 [   0  392    0    0    0    0    0    0   31  165    3]
 [   0    4   14    0    0    0    0    0    6    3    1]
 [   0    1    0    0    0    0    0    0    5    3    1]
 [   0    1    0    0   84    0    0    0  355  178    0]
 [   0    0    0    0    3    0    0    0   28  156    0]
 [   0    0    0    0   21    0    0    0  238   47    0]
 [   0    0    0    0    0    0    0  788   90    0    0]
 [   1    2    0    0    8    0    0  137 1449  480    0]
 [   0    1    0    0    9    0    0    0  193 1461    3]
 [  94    1    0    0    0    0    0    1    5    8  101]]",0.666375036,cv2,n_est
300,"[[ 279    0    0    0    0    0    0    0    1    0    6]
 [   0  392    0    0    0    0    0    0   25  171    3]
 [   0    3   14    0    0    0    0    0    9    1    1]
 [   0    1    0    0    0    0    0    0    6    2    1]
 [   0    1    0    0   67    0    0    0  359  191    0]
 [   0    0    0    0    2    0    0    0   19  166    0]
 [   0    0    0    0   11    0    0    0  243   52    0]
 [   0    0    0    0    0    0    0  788   90    0    0]
 [   1    1    0    0    3    0    0  138 1442  492    0]
 [   0    1    0    0    6    0    0    0  160 1497    3]
 [  95    1    0    0    0    0    0    1    5    8  100]]",0.667687372,cv2,n_est
500,"[[ 281    0    0    0    0    0    0    0    2    0    3]
 [   0  392    0    0    0    0    0    0   25  171    3]
 [   0    3   14    0    0    0    0    0   10    0    1]
 [   0    1    0    0    0    0    0    0    6    2    1]
 [   0    1    0    0   68    0    0    0  357  192    0]
 [   0    0    0    0    2    0    0    0   19  166    0]
 [   0    0    0    0   10    0    0    0  251   45    0]
 [   0    0    0    0    0    0    0  790   88    0    0]
 [   1    1    0    0    2    0    0  143 1415  515    0]
 [   0    1    0    0    7    0    0    0  149 1507    3]
 [  95    1    0    0    0    0    0    0    6    8  100]]",0.665937591,cv2,n_est
800,"[[ 280    0    0    0    0    0    0    0    2    0    4]
 [   0  392    0    0    1    0    0    0   21  174    3]
 [   0    3   14    0    0    0    0    0   10    0    1]
 [   0    1    0    0    0    0    0    0    6    2    1]
 [   0    1    0    0   64    0    0    0  367  186    0]
 [   0    0    0    0    2    0    0    0   20  165    0]
 [   0    0    0    0   12    0    0    0  252   42    0]
 [   0    0    0    0    0    0    0  791   87    0    0]
 [   1    1    0    0    2    0    0  146 1426  501    0]
 [   0    1    0    0    4    0    0    0  146 1513    3]
 [  95    1    0    0    0    0    0    0    6    7  101]]",0.667979003,cv2,n_est
100,"[[ 276    1    0    0    0    0    0    0    1    0    8]
 [   0  399    0    0    1    0    0    0   22  166    3]
 [   0    1   16    0    0    0    0    0    8    2    1]
 [   0    1    0    0    0    0    0    0    5    2    2]
 [   0    1    0    0   92    0    0    0  320  205    0]
 [   0    0    0    0    2    0    0    0   24  161    0]
 [   0    0    0    0   22    0    0    0  241   43    0]
 [   0    0    0    0    0    0    0  774  104    0    0]
 [   0    2    0    0    4    0    0  143 1462  466    0]
 [   0    0    0    0    8    0    0    0  176 1480    3]
 [  96    2    0    0    0    0    0    0    4   10   98]]",0.670312044,cv3,n_est
300,"[[ 276    1    0    0    0    0    0    0    1    0    8]
 [   0  400    0    0    1    0    0    0   17  170    3]
 [   0    1   16    0    0    0    0    0    9    1    1]
 [   0    0    0    0    0    0    0    0    6    1    3]
 [   0    2    0    0   62    0    0    0  344  210    0]
 [   0    0    0    0    1    0    0    0   19  167    0]
 [   0    0    0    0   18    0    0    0  254   34    0]
 [   1    0    0    0    0    0    0  785   92    0    0]
 [   0    2    0    0    2    0    0  147 1446  480    0]
 [   0    0    0    0    6    0    0    0  141 1517    3]
 [  96    1    0    0    0    0    0    0    3   10  100]]",0.67104112,cv3,n_est
500,"[[ 279    1    0    0    0    0    0    0    1    0    5]
 [   0  400    0    0    1    0    0    0   18  169    3]
 [   1    1   16    0    0    0    0    0    7    2    1]
 [   0    0    0    0    0    0    0    0    5    2    3]
 [   0    2    0    0   63    0    0    0  350  203    0]
 [   0    0    0    0    1    0    0    0   18  168    0]
 [   0    0    0    0   15    0    0    0  259   32    0]
 [   1    0    0    0    0    0    0  783   94    0    0]
 [   0    2    0    0    1    0    0  144 1451  479    0]
 [   0    0    0    0    5    0    0    0  133 1526    3]
 [  98    1    0    0    0    0    0    0    4    9   98]]",0.673082531,cv3,n_est
800,"[[ 281    1    0    0    0    0    0    0    1    0    3]
 [   0  400    0    0    1    0    0    0   16  171    3]
 [   1    1   16    0    0    0    0    0    7    2    1]
 [   0    0    0    0    0    0    0    0    7    1    2]
 [   0    2    0    0   60    0    0    0  352  204    0]
 [   0    0    0    0    1    0    0    0   15  171    0]
 [   0    0    0    0   15    0    0    0  263   28    0]
 [   1    0    0    0    0    0    0  787   90    0    0]
 [   0    2    0    0    1    0    0  144 1448  482    0]
 [   0    0    0    0    5    0    0    0  131 1528    3]
 [  99    1    0    0    0    0    0    0    4    9   97]]",0.673228346,cv3,n_est
100,"[[ 280    0    0    0    0    0    0    0    1    0    5]
 [   1  388    0    0    1    0    0    0   25  172    4]
 [   0    4   16    0    0    0    0    0    4    2    2]
 [   0    2    0    0    1    0    0    0    5    1    1]
 [   0    1    0    0   81    0    0    0  347  189    0]
 [   0    0    0    0    0    0    0    0   16  171    0]
 [   0    0    0    0   21    0    0    0  233   52    0]
 [   1    0    0    0    0    0    0  810   67    0    0]
 [   2    4    0    0    4    0    0  130 1453  484    0]
 [   0    1    0    0    3    0    0    0  187 1476    0]
 [  95    2    0    0    0    0    0    0    3    3  107]]",0.672353456,cv4,n_est
300,"[[ 279    0    0    0    0    0    0    0    0    1    6]
 [   1  385    0    0    0    0    0    0   18  182    5]
 [   0    4   16    0    0    0    0    0    4    2    2]
 [   0    1    0    0    0    0    0    0    4    3    2]
 [   0    2    0    0   73    0    0    0  341  202    0]
 [   0    0    0    0    1    0    0    0   12  174    0]
 [   0    0    0    0   13    0    0    0  246   47    0]
 [   1    0    0    0    0    0    0  811   66    0    0]
 [   2    3    0    0    3    0    0  124 1454  491    0]
 [   1    0    0    0    4    0    0    0  135 1527    0]
 [  97    1    0    0    0    0    0    0    3    3  106]]",0.67818606,cv4,n_est
500,"[[ 279    0    0    0    0    0    0    0    0    1    6]
 [   1  386    0    0    1    0    0    0   16  182    5]
 [   0    4   16    0    0    0    0    0    5    1    2]
 [   0    1    0    0    0    0    0    0    3    4    2]
 [   0    2    0    0   58    0    0    0  360  198    0]
 [   0    0    0    0    0    0    0    0   15  172    0]
 [   0    0    0    0   11    0    0    0  243   52    0]
 [   1    0    0    0    0    0    0  809   68    0    0]
 [   2    4    0    0    3    0    0  126 1450  492    0]
 [   0    0    0    0    3    0    0    0  121 1542    1]
 [  98    1    0    0    0    0    0    0    3    3  105]]",0.677311169,cv4,n_est
800,"[[ 279    0    0    0    0    0    0    0    0    1    6]
 [   1  386    0    0    1    0    0    0   19  179    5]
 [   0    4   16    0    0    0    0    0    5    1    2]
 [   0    1    0    0    0    0    0    0    4    3    2]
 [   0    1    0    0   53    0    0    0  376  188    0]
 [   0    0    0    0    0    0    0    0   15  172    0]
 [   0    0    0    0   10    0    0    0  244   52    0]
 [   1    0    0    0    0    0    0  807   70    0    0]
 [   2    3    0    0    1    0    0  124 1446  501    0]
 [   0    0    0    0    3    0    0    0  127 1536    1]
 [  99    1    0    0    0    0    0    0    4    3  103]]",0.674540682,cv4,n_est
100,"[[ 271    1    0    0    0    0    0    0    3    0   11]
 [   0  375    0    0    3    0    0    1   34  173    5]
 [   2    1   17    0    0    0    0    0    4    2    2]
 [   0    1    0    0    0    0    0    0    6    2    1]
 [   0    2    0    0  104    0    0    0  323  189    0]
 [   0    0    0    0    1    0    0    0   30  155    1]
 [   0    0    0    0   23    0    0    0  233   50    0]
 [   0    0    0    0    0    0    0  781   97    0    0]
 [   0    3    0    0    4    0    0  140 1465  465    0]
 [   0    1    0    0    6    0    0    0  198 1461    1]
 [  84    1    0    0    0    0    0    1    4    2  118]]",0.669582969,cv5,n_est
300,"[[ 273    1    0    0    0    0    0    0    4    0    8]
 [   0  376    0    0    1    0    0    0   29  180    5]
 [   2    1   17    0    0    0    0    0    5    1    2]
 [   0    0    0    0    0    0    0    0    7    1    2]
 [   0    1    0    0   89    0    0    0  336  192    0]
 [   0    0    0    0    1    0    0    0   25  161    0]
 [   0    0    0    0   15    0    0    0  237   54    0]
 [   0    0    0    0    0    0    0  792   86    0    0]
 [   0    2    0    0    1    0    0  144 1444  486    0]
 [   1    1    0    0    7    0    0    0  153 1504    1]
 [  87    0    0    0    0    0    0    1    4    2  116]]",0.672353456,cv5,n_est
500,"[[ 277    1    0    0    0    0    0    0    4    0    4]
 [   0  377    0    0    1    0    0    0   25  183    5]
 [   2    1   17    0    0    0    0    0    5    1    2]
 [   0    0    0    0    0    0    0    0    7    1    2]
 [   0    0    0    0   74    0    0    0  360  184    0]
 [   0    0    0    0    1    0    0    0   24  162    0]
 [   0    0    0    0   14    0    0    0  242   50    0]
 [   0    0    0    0    0    0    0  792   86    0    0]
 [   0    2    0    0    1    0    0  146 1447  481    0]
 [   0    1    0    0    6    0    0    0  136 1522    2]
 [  86    0    0    0    0    0    0    1    4    2  117]]",0.674103237,cv5,n_est
800,"[[ 277    1    0    0    0    0    0    0    4    0    4]
 [   0  377    0    0    1    0    0    0   27  181    5]
 [   2    1   17    0    0    0    0    0    5    1    2]
 [   0    0    0    0    0    0    0    0    7    1    2]
 [   0    0    0    0   78    0    0    0  356  184    0]
 [   0    0    0    0    1    0    0    0   21  165    0]
 [   0    0    0    0   13    0    0    0  244   49    0]
 [   0    0    0    0    0    0    0  791   87    0    0]
 [   0    2    0    0    2    0    0  144 1440  489    0]
 [   0    1    0    0    5    0    0    0  132 1527    2]
 [  85    0    0    0    0    0    0    1    4    2  118]]",0.674394867,cv5,n_est